home_team,away_team,home_rating,away_rating,match_type,home_ranking,away_ranking,home_recent_scored,away_recent_scored,home_recent_conceded,away_recent_conceded
New Zealand,Norway,1589,1894,MatchType.WORLD_CUP,38,26,0,7,10,2
New Zealand,Philippines,1589,1507,MatchType.WORLD_CUP,38,43,0,2,10,11
New Zealand,Switzerland,1589,1806,MatchType.WORLD_CUP,38,21,0,21,10,7
Norway,Philippines,1894,1507,MatchType.WORLD_CUP,26,43,7,2,2,11
Norway,Switzerland,1894,1806,MatchType.WORLD_CUP,26,21,7,21,2,7
Philippines,Switzerland,1507,1806,MatchType.WORLD_CUP,43,21,2,21,11,7
Australia,Republic of Ireland,2063,1715,MatchType.WORLD_CUP,5,30,12,13,4,1
Australia,Nigeria,2063,1768,MatchType.WORLD_CUP,5,28,12,2,4,4
Australia,Canada,2063,1949,MatchType.WORLD_CUP,5,25,12,6,4,11
Republic of Ireland,Nigeria,1715,1768,MatchType.WORLD_CUP,30,28,13,2,1,4
Republic of Ireland,Canada,1715,1949,MatchType.WORLD_CUP,30,25,13,6,1,11
Nigeria,Canada,1768,1949,MatchType.WORLD_CUP,28,25,2,6,4,11
Spain,Costa Rica,2034,1711,MatchType.WORLD_CUP,12,61,16,2,3,7
Spain,Zambia,2034,1632,MatchType.WORLD_CUP,12,58,16,6,3,3
Spain,Japan,2034,1969,MatchType.WORLD_CUP,12,14,16,7,3,4
Costa Rica,Zambia,1711,1632,MatchType.WORLD_CUP,61,58,2,6,7,3
Costa Rica,Japan,1711,1969,MatchType.WORLD_CUP,61,14,2,7,7,4
Zambia,Japan,1632,1969,MatchType.WORLD_CUP,58,14,6,7,3,4
England,Haiti,2243,1695,MatchType.WORLD_CUP,1,63,23,9,3,8
England,Denmark,2243,1900,MatchType.WORLD_CUP,1,17,23,10,3,5
England,China PR,2243,1901,MatchType.WORLD_CUP,1,16,23,19,3,5
Haiti,Denmark,1695,1900,MatchType.WORLD_CUP,63,17,9,10,8,5
Haiti,China PR,1695,1901,MatchType.WORLD_CUP,63,16,9,19,8,5
Denmark,China PR,1900,1901,MatchType.WORLD_CUP,17,16,10,19,5,5
United States,Vietnam,2392,1658,MatchType.WORLD_CUP,10,106,9,7,1,9
United States,Netherlands,2392,2079,MatchType.WORLD_CUP,10,4,9,9,1,5
United States,Portugal,2392,1854,MatchType.WORLD_CUP,10,19,9,17,1,3
Vietnam,Netherlands,1658,2079,MatchType.WORLD_CUP,106,4,7,9,9,5
Vietnam,Portugal,1658,1854,MatchType.WORLD_CUP,106,19,7,17,9,3
Netherlands,Portugal,2079,1854,MatchType.WORLD_CUP,4,19,9,17,5,3
France,Jamaica,2170,1746,MatchType.WORLD_CUP,2,29,20,3,2,12
France,Brazil,2170,2006,MatchType.WORLD_CUP,2,13,20,4,2,5
France,Panama,2170,1658,MatchType.WORLD_CUP,2,113,20,4,2,4
Jamaica,Brazil,1746,2006,MatchType.WORLD_CUP,29,13,3,4,12,5
Jamaica,Panama,1746,1658,MatchType.WORLD_CUP,29,113,3,4,12,4
Brazil,Panama,2006,1658,MatchType.WORLD_CUP,13,113,4,4,5,4
Sweden,South Africa,2047,1790,MatchType.WORLD_CUP,6,56,13,8,5,2
Sweden,Italy,2047,1904,MatchType.WORLD_CUP,6,15,13,14,5,5
Sweden,Argentina,2047,1696,MatchType.WORLD_CUP,6,32,13,10,5,2
South Africa,Italy,1790,1904,MatchType.WORLD_CUP,56,15,8,14,2,5
South Africa,Argentina,1790,1696,MatchType.WORLD_CUP,56,32,8,10,2,2
Italy,Argentina,1904,1696,MatchType.WORLD_CUP,15,32,14,10,5,2
Germany,Morocco,2148,1560,MatchType.WORLD_CUP,11,103,16,8,3,5
Germany,Colombia,2148,1760,MatchType.WORLD_CUP,11,60,16,6,3,4
Germany,South Korea,2148,1829,MatchType.WORLD_CUP,11,54,16,6,3,11
Morocco,Colombia,1560,1760,MatchType.WORLD_CUP,103,60,8,6,5,4
Morocco,South Korea,1560,1829,MatchType.WORLD_CUP,103,54,8,6,5,11
Colombia,South Korea,1760,1829,MatchType.WORLD_CUP,60,54,6,6,4,11
New Zealand,Norway,1589,1894,MatchType.WORLD_CUP,38,26,0,7,10,2
New Zealand,Philippines,1589,1507,MatchType.WORLD_CUP,38,43,0,2,10,11
New Zealand,Switzerland,1589,1806,MatchType.WORLD_CUP,38,21,0,21,10,7
New Zealand,Australia,1589,2063,MatchType.WORLD_CUP,38,5,0,12,10,4
New Zealand,Republic of Ireland,1589,1715,MatchType.WORLD_CUP,38,30,0,13,10,1
New Zealand,Nigeria,1589,1768,MatchType.WORLD_CUP,38,28,0,2,10,4
New Zealand,Canada,1589,1949,MatchType.WORLD_CUP,38,25,0,6,10,11
New Zealand,Spain,1589,2034,MatchType.WORLD_CUP,38,12,0,16,10,3
New Zealand,Costa Rica,1589,1711,MatchType.WORLD_CUP,38,61,0,2,10,7
New Zealand,Zambia,1589,1632,MatchType.WORLD_CUP,38,58,0,6,10,3
New Zealand,Japan,1589,1969,MatchType.WORLD_CUP,38,14,0,7,10,4
New Zealand,England,1589,2243,MatchType.WORLD_CUP,38,1,0,23,10,3
New Zealand,Haiti,1589,1695,MatchType.WORLD_CUP,38,63,0,9,10,8
New Zealand,Denmark,1589,1900,MatchType.WORLD_CUP,38,17,0,10,10,5
New Zealand,China PR,1589,1901,MatchType.WORLD_CUP,38,16,0,19,10,5
New Zealand,United States,1589,2392,MatchType.WORLD_CUP,38,10,0,9,10,1
New Zealand,Vietnam,1589,1658,MatchType.WORLD_CUP,38,106,0,7,10,9
New Zealand,Netherlands,1589,2079,MatchType.WORLD_CUP,38,4,0,9,10,5
New Zealand,Portugal,1589,1854,MatchType.WORLD_CUP,38,19,0,17,10,3
New Zealand,France,1589,2170,MatchType.WORLD_CUP,38,2,0,20,10,2
New Zealand,Jamaica,1589,1746,MatchType.WORLD_CUP,38,29,0,3,10,12
New Zealand,Brazil,1589,2006,MatchType.WORLD_CUP,38,13,0,4,10,5
New Zealand,Panama,1589,1658,MatchType.WORLD_CUP,38,113,0,4,10,4
New Zealand,Sweden,1589,2047,MatchType.WORLD_CUP,38,6,0,13,10,5
New Zealand,South Africa,1589,1790,MatchType.WORLD_CUP,38,56,0,8,10,2
New Zealand,Italy,1589,1904,MatchType.WORLD_CUP,38,15,0,14,10,5
New Zealand,Argentina,1589,1696,MatchType.WORLD_CUP,38,32,0,10,10,2
New Zealand,Germany,1589,2148,MatchType.WORLD_CUP,38,11,0,16,10,3
New Zealand,Morocco,1589,1560,MatchType.WORLD_CUP,38,103,0,8,10,5
New Zealand,Colombia,1589,1760,MatchType.WORLD_CUP,38,60,0,6,10,4
New Zealand,South Korea,1589,1829,MatchType.WORLD_CUP,38,54,0,6,10,11
Norway,Philippines,1894,1507,MatchType.WORLD_CUP,26,43,7,2,2,11
Norway,Switzerland,1894,1806,MatchType.WORLD_CUP,26,21,7,21,2,7
Norway,Australia,1894,2063,MatchType.WORLD_CUP,26,5,7,12,2,4
Norway,Republic of Ireland,1894,1715,MatchType.WORLD_CUP,26,30,7,13,2,1
Norway,Nigeria,1894,1768,MatchType.WORLD_CUP,26,28,7,2,2,4
Norway,Canada,1894,1949,MatchType.WORLD_CUP,26,25,7,6,2,11
Norway,Spain,1894,2034,MatchType.WORLD_CUP,26,12,7,16,2,3
Norway,Costa Rica,1894,1711,MatchType.WORLD_CUP,26,61,7,2,2,7
Norway,Zambia,1894,1632,MatchType.WORLD_CUP,26,58,7,6,2,3
Norway,Japan,1894,1969,MatchType.WORLD_CUP,26,14,7,7,2,4
Norway,England,1894,2243,MatchType.WORLD_CUP,26,1,7,23,2,3
Norway,Haiti,1894,1695,MatchType.WORLD_CUP,26,63,7,9,2,8
Norway,Denmark,1894,1900,MatchType.WORLD_CUP,26,17,7,10,2,5
Norway,China PR,1894,1901,MatchType.WORLD_CUP,26,16,7,19,2,5
Norway,United States,1894,2392,MatchType.WORLD_CUP,26,10,7,9,2,1
Norway,Vietnam,1894,1658,MatchType.WORLD_CUP,26,106,7,7,2,9
Norway,Netherlands,1894,2079,MatchType.WORLD_CUP,26,4,7,9,2,5
Norway,Portugal,1894,1854,MatchType.WORLD_CUP,26,19,7,17,2,3
Norway,France,1894,2170,MatchType.WORLD_CUP,26,2,7,20,2,2
Norway,Jamaica,1894,1746,MatchType.WORLD_CUP,26,29,7,3,2,12
Norway,Brazil,1894,2006,MatchType.WORLD_CUP,26,13,7,4,2,5
Norway,Panama,1894,1658,MatchType.WORLD_CUP,26,113,7,4,2,4
Norway,Sweden,1894,2047,MatchType.WORLD_CUP,26,6,7,13,2,5
Norway,South Africa,1894,1790,MatchType.WORLD_CUP,26,56,7,8,2,2
Norway,Italy,1894,1904,MatchType.WORLD_CUP,26,15,7,14,2,5
Norway,Argentina,1894,1696,MatchType.WORLD_CUP,26,32,7,10,2,2
Norway,Germany,1894,2148,MatchType.WORLD_CUP,26,11,7,16,2,3
Norway,Morocco,1894,1560,MatchType.WORLD_CUP,26,103,7,8,2,5
Norway,Colombia,1894,1760,MatchType.WORLD_CUP,26,60,7,6,2,4
Norway,South Korea,1894,1829,MatchType.WORLD_CUP,26,54,7,6,2,11
Philippines,Switzerland,1507,1806,MatchType.WORLD_CUP,43,21,2,21,11,7
Philippines,Australia,1507,2063,MatchType.WORLD_CUP,43,5,2,12,11,4
Philippines,Republic of Ireland,1507,1715,MatchType.WORLD_CUP,43,30,2,13,11,1
Philippines,Nigeria,1507,1768,MatchType.WORLD_CUP,43,28,2,2,11,4
Philippines,Canada,1507,1949,MatchType.WORLD_CUP,43,25,2,6,11,11
Philippines,Spain,1507,2034,MatchType.WORLD_CUP,43,12,2,16,11,3
Philippines,Costa Rica,1507,1711,MatchType.WORLD_CUP,43,61,2,2,11,7
Philippines,Zambia,1507,1632,MatchType.WORLD_CUP,43,58,2,6,11,3
Philippines,Japan,1507,1969,MatchType.WORLD_CUP,43,14,2,7,11,4
Philippines,England,1507,2243,MatchType.WORLD_CUP,43,1,2,23,11,3
Philippines,Haiti,1507,1695,MatchType.WORLD_CUP,43,63,2,9,11,8
Philippines,Denmark,1507,1900,MatchType.WORLD_CUP,43,17,2,10,11,5
Philippines,China PR,1507,1901,MatchType.WORLD_CUP,43,16,2,19,11,5
Philippines,United States,1507,2392,MatchType.WORLD_CUP,43,10,2,9,11,1
Philippines,Vietnam,1507,1658,MatchType.WORLD_CUP,43,106,2,7,11,9
Philippines,Netherlands,1507,2079,MatchType.WORLD_CUP,43,4,2,9,11,5
Philippines,Portugal,1507,1854,MatchType.WORLD_CUP,43,19,2,17,11,3
Philippines,France,1507,2170,MatchType.WORLD_CUP,43,2,2,20,11,2
Philippines,Jamaica,1507,1746,MatchType.WORLD_CUP,43,29,2,3,11,12
Philippines,Brazil,1507,2006,MatchType.WORLD_CUP,43,13,2,4,11,5
Philippines,Panama,1507,1658,MatchType.WORLD_CUP,43,113,2,4,11,4
Philippines,Sweden,1507,2047,MatchType.WORLD_CUP,43,6,2,13,11,5
Philippines,South Africa,1507,1790,MatchType.WORLD_CUP,43,56,2,8,11,2
Philippines,Italy,1507,1904,MatchType.WORLD_CUP,43,15,2,14,11,5
Philippines,Argentina,1507,1696,MatchType.WORLD_CUP,43,32,2,10,11,2
Philippines,Germany,1507,2148,MatchType.WORLD_CUP,43,11,2,16,11,3
Philippines,Morocco,1507,1560,MatchType.WORLD_CUP,43,103,2,8,11,5
Philippines,Colombia,1507,1760,MatchType.WORLD_CUP,43,60,2,6,11,4
Philippines,South Korea,1507,1829,MatchType.WORLD_CUP,43,54,2,6,11,11
Switzerland,Australia,1806,2063,MatchType.WORLD_CUP,21,5,21,12,7,4
Switzerland,Republic of Ireland,1806,1715,MatchType.WORLD_CUP,21,30,21,13,7,1
Switzerland,Nigeria,1806,1768,MatchType.WORLD_CUP,21,28,21,2,7,4
Switzerland,Canada,1806,1949,MatchType.WORLD_CUP,21,25,21,6,7,11
Switzerland,Spain,1806,2034,MatchType.WORLD_CUP,21,12,21,16,7,3
Switzerland,Costa Rica,1806,1711,MatchType.WORLD_CUP,21,61,21,2,7,7
Switzerland,Zambia,1806,1632,MatchType.WORLD_CUP,21,58,21,6,7,3
Switzerland,Japan,1806,1969,MatchType.WORLD_CUP,21,14,21,7,7,4
Switzerland,England,1806,2243,MatchType.WORLD_CUP,21,1,21,23,7,3
Switzerland,Haiti,1806,1695,MatchType.WORLD_CUP,21,63,21,9,7,8
Switzerland,Denmark,1806,1900,MatchType.WORLD_CUP,21,17,21,10,7,5
Switzerland,China PR,1806,1901,MatchType.WORLD_CUP,21,16,21,19,7,5
Switzerland,United States,1806,2392,MatchType.WORLD_CUP,21,10,21,9,7,1
Switzerland,Vietnam,1806,1658,MatchType.WORLD_CUP,21,106,21,7,7,9
Switzerland,Netherlands,1806,2079,MatchType.WORLD_CUP,21,4,21,9,7,5
Switzerland,Portugal,1806,1854,MatchType.WORLD_CUP,21,19,21,17,7,3
Switzerland,France,1806,2170,MatchType.WORLD_CUP,21,2,21,20,7,2
Switzerland,Jamaica,1806,1746,MatchType.WORLD_CUP,21,29,21,3,7,12
Switzerland,Brazil,1806,2006,MatchType.WORLD_CUP,21,13,21,4,7,5
Switzerland,Panama,1806,1658,MatchType.WORLD_CUP,21,113,21,4,7,4
Switzerland,Sweden,1806,2047,MatchType.WORLD_CUP,21,6,21,13,7,5
Switzerland,South Africa,1806,1790,MatchType.WORLD_CUP,21,56,21,8,7,2
Switzerland,Italy,1806,1904,MatchType.WORLD_CUP,21,15,21,14,7,5
Switzerland,Argentina,1806,1696,MatchType.WORLD_CUP,21,32,21,10,7,2
Switzerland,Germany,1806,2148,MatchType.WORLD_CUP,21,11,21,16,7,3
Switzerland,Morocco,1806,1560,MatchType.WORLD_CUP,21,103,21,8,7,5
Switzerland,Colombia,1806,1760,MatchType.WORLD_CUP,21,60,21,6,7,4
Switzerland,South Korea,1806,1829,MatchType.WORLD_CUP,21,54,21,6,7,11
Australia,Republic of Ireland,2063,1715,MatchType.WORLD_CUP,5,30,12,13,4,1
Australia,Nigeria,2063,1768,MatchType.WORLD_CUP,5,28,12,2,4,4
Australia,Canada,2063,1949,MatchType.WORLD_CUP,5,25,12,6,4,11
Australia,Spain,2063,2034,MatchType.WORLD_CUP,5,12,12,16,4,3
Australia,Costa Rica,2063,1711,MatchType.WORLD_CUP,5,61,12,2,4,7
Australia,Zambia,2063,1632,MatchType.WORLD_CUP,5,58,12,6,4,3
Australia,Japan,2063,1969,MatchType.WORLD_CUP,5,14,12,7,4,4
Australia,England,2063,2243,MatchType.WORLD_CUP,5,1,12,23,4,3
Australia,Haiti,2063,1695,MatchType.WORLD_CUP,5,63,12,9,4,8
Australia,Denmark,2063,1900,MatchType.WORLD_CUP,5,17,12,10,4,5
Australia,China PR,2063,1901,MatchType.WORLD_CUP,5,16,12,19,4,5
Australia,United States,2063,2392,MatchType.WORLD_CUP,5,10,12,9,4,1
Australia,Vietnam,2063,1658,MatchType.WORLD_CUP,5,106,12,7,4,9
Australia,Netherlands,2063,2079,MatchType.WORLD_CUP,5,4,12,9,4,5
Australia,Portugal,2063,1854,MatchType.WORLD_CUP,5,19,12,17,4,3
Australia,France,2063,2170,MatchType.WORLD_CUP,5,2,12,20,4,2
Australia,Jamaica,2063,1746,MatchType.WORLD_CUP,5,29,12,3,4,12
Australia,Brazil,2063,2006,MatchType.WORLD_CUP,5,13,12,4,4,5
Australia,Panama,2063,1658,MatchType.WORLD_CUP,5,113,12,4,4,4
Australia,Sweden,2063,2047,MatchType.WORLD_CUP,5,6,12,13,4,5
Australia,South Africa,2063,1790,MatchType.WORLD_CUP,5,56,12,8,4,2
Australia,Italy,2063,1904,MatchType.WORLD_CUP,5,15,12,14,4,5
Australia,Argentina,2063,1696,MatchType.WORLD_CUP,5,32,12,10,4,2
Australia,Germany,2063,2148,MatchType.WORLD_CUP,5,11,12,16,4,3
Australia,Morocco,2063,1560,MatchType.WORLD_CUP,5,103,12,8,4,5
Australia,Colombia,2063,1760,MatchType.WORLD_CUP,5,60,12,6,4,4
Australia,South Korea,2063,1829,MatchType.WORLD_CUP,5,54,12,6,4,11
Republic of Ireland,Nigeria,1715,1768,MatchType.WORLD_CUP,30,28,13,2,1,4
Republic of Ireland,Canada,1715,1949,MatchType.WORLD_CUP,30,25,13,6,1,11
Republic of Ireland,Spain,1715,2034,MatchType.WORLD_CUP,30,12,13,16,1,3
Republic of Ireland,Costa Rica,1715,1711,MatchType.WORLD_CUP,30,61,13,2,1,7
Republic of Ireland,Zambia,1715,1632,MatchType.WORLD_CUP,30,58,13,6,1,3
Republic of Ireland,Japan,1715,1969,MatchType.WORLD_CUP,30,14,13,7,1,4
Republic of Ireland,England,1715,2243,MatchType.WORLD_CUP,30,1,13,23,1,3
Republic of Ireland,Haiti,1715,1695,MatchType.WORLD_CUP,30,63,13,9,1,8
Republic of Ireland,Denmark,1715,1900,MatchType.WORLD_CUP,30,17,13,10,1,5
Republic of Ireland,China PR,1715,1901,MatchType.WORLD_CUP,30,16,13,19,1,5
Republic of Ireland,United States,1715,2392,MatchType.WORLD_CUP,30,10,13,9,1,1
Republic of Ireland,Vietnam,1715,1658,MatchType.WORLD_CUP,30,106,13,7,1,9
Republic of Ireland,Netherlands,1715,2079,MatchType.WORLD_CUP,30,4,13,9,1,5
Republic of Ireland,Portugal,1715,1854,MatchType.WORLD_CUP,30,19,13,17,1,3
Republic of Ireland,France,1715,2170,MatchType.WORLD_CUP,30,2,13,20,1,2
Republic of Ireland,Jamaica,1715,1746,MatchType.WORLD_CUP,30,29,13,3,1,12
Republic of Ireland,Brazil,1715,2006,MatchType.WORLD_CUP,30,13,13,4,1,5
Republic of Ireland,Panama,1715,1658,MatchType.WORLD_CUP,30,113,13,4,1,4
Republic of Ireland,Sweden,1715,2047,MatchType.WORLD_CUP,30,6,13,13,1,5
Republic of Ireland,South Africa,1715,1790,MatchType.WORLD_CUP,30,56,13,8,1,2
Republic of Ireland,Italy,1715,1904,MatchType.WORLD_CUP,30,15,13,14,1,5
Republic of Ireland,Argentina,1715,1696,MatchType.WORLD_CUP,30,32,13,10,1,2
Republic of Ireland,Germany,1715,2148,MatchType.WORLD_CUP,30,11,13,16,1,3
Republic of Ireland,Morocco,1715,1560,MatchType.WORLD_CUP,30,103,13,8,1,5
Republic of Ireland,Colombia,1715,1760,MatchType.WORLD_CUP,30,60,13,6,1,4
Republic of Ireland,South Korea,1715,1829,MatchType.WORLD_CUP,30,54,13,6,1,11
Nigeria,Canada,1768,1949,MatchType.WORLD_CUP,28,25,2,6,4,11
Nigeria,Spain,1768,2034,MatchType.WORLD_CUP,28,12,2,16,4,3
Nigeria,Costa Rica,1768,1711,MatchType.WORLD_CUP,28,61,2,2,4,7
Nigeria,Zambia,1768,1632,MatchType.WORLD_CUP,28,58,2,6,4,3
Nigeria,Japan,1768,1969,MatchType.WORLD_CUP,28,14,2,7,4,4
Nigeria,England,1768,2243,MatchType.WORLD_CUP,28,1,2,23,4,3
Nigeria,Haiti,1768,1695,MatchType.WORLD_CUP,28,63,2,9,4,8
Nigeria,Denmark,1768,1900,MatchType.WORLD_CUP,28,17,2,10,4,5
Nigeria,China PR,1768,1901,MatchType.WORLD_CUP,28,16,2,19,4,5
Nigeria,United States,1768,2392,MatchType.WORLD_CUP,28,10,2,9,4,1
Nigeria,Vietnam,1768,1658,MatchType.WORLD_CUP,28,106,2,7,4,9
Nigeria,Netherlands,1768,2079,MatchType.WORLD_CUP,28,4,2,9,4,5
Nigeria,Portugal,1768,1854,MatchType.WORLD_CUP,28,19,2,17,4,3
Nigeria,France,1768,2170,MatchType.WORLD_CUP,28,2,2,20,4,2
Nigeria,Jamaica,1768,1746,MatchType.WORLD_CUP,28,29,2,3,4,12
Nigeria,Brazil,1768,2006,MatchType.WORLD_CUP,28,13,2,4,4,5
Nigeria,Panama,1768,1658,MatchType.WORLD_CUP,28,113,2,4,4,4
Nigeria,Sweden,1768,2047,MatchType.WORLD_CUP,28,6,2,13,4,5
Nigeria,South Africa,1768,1790,MatchType.WORLD_CUP,28,56,2,8,4,2
Nigeria,Italy,1768,1904,MatchType.WORLD_CUP,28,15,2,14,4,5
Nigeria,Argentina,1768,1696,MatchType.WORLD_CUP,28,32,2,10,4,2
Nigeria,Germany,1768,2148,MatchType.WORLD_CUP,28,11,2,16,4,3
Nigeria,Morocco,1768,1560,MatchType.WORLD_CUP,28,103,2,8,4,5
Nigeria,Colombia,1768,1760,MatchType.WORLD_CUP,28,60,2,6,4,4
Nigeria,South Korea,1768,1829,MatchType.WORLD_CUP,28,54,2,6,4,11
Canada,Spain,1949,2034,MatchType.WORLD_CUP,25,12,6,16,11,3
Canada,Costa Rica,1949,1711,MatchType.WORLD_CUP,25,61,6,2,11,7
Canada,Zambia,1949,1632,MatchType.WORLD_CUP,25,58,6,6,11,3
Canada,Japan,1949,1969,MatchType.WORLD_CUP,25,14,6,7,11,4
Canada,England,1949,2243,MatchType.WORLD_CUP,25,1,6,23,11,3
Canada,Haiti,1949,1695,MatchType.WORLD_CUP,25,63,6,9,11,8
Canada,Denmark,1949,1900,MatchType.WORLD_CUP,25,17,6,10,11,5
Canada,China PR,1949,1901,MatchType.WORLD_CUP,25,16,6,19,11,5
Canada,United States,1949,2392,MatchType.WORLD_CUP,25,10,6,9,11,1
Canada,Vietnam,1949,1658,MatchType.WORLD_CUP,25,106,6,7,11,9
Canada,Netherlands,1949,2079,MatchType.WORLD_CUP,25,4,6,9,11,5
Canada,Portugal,1949,1854,MatchType.WORLD_CUP,25,19,6,17,11,3
Canada,France,1949,2170,MatchType.WORLD_CUP,25,2,6,20,11,2
Canada,Jamaica,1949,1746,MatchType.WORLD_CUP,25,29,6,3,11,12
Canada,Brazil,1949,2006,MatchType.WORLD_CUP,25,13,6,4,11,5
Canada,Panama,1949,1658,MatchType.WORLD_CUP,25,113,6,4,11,4
Canada,Sweden,1949,2047,MatchType.WORLD_CUP,25,6,6,13,11,5
Canada,South Africa,1949,1790,MatchType.WORLD_CUP,25,56,6,8,11,2
Canada,Italy,1949,1904,MatchType.WORLD_CUP,25,15,6,14,11,5
Canada,Argentina,1949,1696,MatchType.WORLD_CUP,25,32,6,10,11,2
Canada,Germany,1949,2148,MatchType.WORLD_CUP,25,11,6,16,11,3
Canada,Morocco,1949,1560,MatchType.WORLD_CUP,25,103,6,8,11,5
Canada,Colombia,1949,1760,MatchType.WORLD_CUP,25,60,6,6,11,4
Canada,South Korea,1949,1829,MatchType.WORLD_CUP,25,54,6,6,11,11
Spain,Costa Rica,2034,1711,MatchType.WORLD_CUP,12,61,16,2,3,7
Spain,Zambia,2034,1632,MatchType.WORLD_CUP,12,58,16,6,3,3
Spain,Japan,2034,1969,MatchType.WORLD_CUP,12,14,16,7,3,4
Spain,England,2034,2243,MatchType.WORLD_CUP,12,1,16,23,3,3
Spain,Haiti,2034,1695,MatchType.WORLD_CUP,12,63,16,9,3,8
Spain,Denmark,2034,1900,MatchType.WORLD_CUP,12,17,16,10,3,5
Spain,China PR,2034,1901,MatchType.WORLD_CUP,12,16,16,19,3,5
Spain,United States,2034,2392,MatchType.WORLD_CUP,12,10,16,9,3,1
Spain,Vietnam,2034,1658,MatchType.WORLD_CUP,12,106,16,7,3,9
Spain,Netherlands,2034,2079,MatchType.WORLD_CUP,12,4,16,9,3,5
Spain,Portugal,2034,1854,MatchType.WORLD_CUP,12,19,16,17,3,3
Spain,France,2034,2170,MatchType.WORLD_CUP,12,2,16,20,3,2
Spain,Jamaica,2034,1746,MatchType.WORLD_CUP,12,29,16,3,3,12
Spain,Brazil,2034,2006,MatchType.WORLD_CUP,12,13,16,4,3,5
Spain,Panama,2034,1658,MatchType.WORLD_CUP,12,113,16,4,3,4
Spain,Sweden,2034,2047,MatchType.WORLD_CUP,12,6,16,13,3,5
Spain,South Africa,2034,1790,MatchType.WORLD_CUP,12,56,16,8,3,2
Spain,Italy,2034,1904,MatchType.WORLD_CUP,12,15,16,14,3,5
Spain,Argentina,2034,1696,MatchType.WORLD_CUP,12,32,16,10,3,2
Spain,Germany,2034,2148,MatchType.WORLD_CUP,12,11,16,16,3,3
Spain,Morocco,2034,1560,MatchType.WORLD_CUP,12,103,16,8,3,5
Spain,Colombia,2034,1760,MatchType.WORLD_CUP,12,60,16,6,3,4
Spain,South Korea,2034,1829,MatchType.WORLD_CUP,12,54,16,6,3,11
Costa Rica,Zambia,1711,1632,MatchType.WORLD_CUP,61,58,2,6,7,3
Costa Rica,Japan,1711,1969,MatchType.WORLD_CUP,61,14,2,7,7,4
Costa Rica,England,1711,2243,MatchType.WORLD_CUP,61,1,2,23,7,3
Costa Rica,Haiti,1711,1695,MatchType.WORLD_CUP,61,63,2,9,7,8
Costa Rica,Denmark,1711,1900,MatchType.WORLD_CUP,61,17,2,10,7,5
Costa Rica,China PR,1711,1901,MatchType.WORLD_CUP,61,16,2,19,7,5
Costa Rica,United States,1711,2392,MatchType.WORLD_CUP,61,10,2,9,7,1
Costa Rica,Vietnam,1711,1658,MatchType.WORLD_CUP,61,106,2,7,7,9
Costa Rica,Netherlands,1711,2079,MatchType.WORLD_CUP,61,4,2,9,7,5
Costa Rica,Portugal,1711,1854,MatchType.WORLD_CUP,61,19,2,17,7,3
Costa Rica,France,1711,2170,MatchType.WORLD_CUP,61,2,2,20,7,2
Costa Rica,Jamaica,1711,1746,MatchType.WORLD_CUP,61,29,2,3,7,12
Costa Rica,Brazil,1711,2006,MatchType.WORLD_CUP,61,13,2,4,7,5
Costa Rica,Panama,1711,1658,MatchType.WORLD_CUP,61,113,2,4,7,4
Costa Rica,Sweden,1711,2047,MatchType.WORLD_CUP,61,6,2,13,7,5
Costa Rica,South Africa,1711,1790,MatchType.WORLD_CUP,61,56,2,8,7,2
Costa Rica,Italy,1711,1904,MatchType.WORLD_CUP,61,15,2,14,7,5
Costa Rica,Argentina,1711,1696,MatchType.WORLD_CUP,61,32,2,10,7,2
Costa Rica,Germany,1711,2148,MatchType.WORLD_CUP,61,11,2,16,7,3
Costa Rica,Morocco,1711,1560,MatchType.WORLD_CUP,61,103,2,8,7,5
Costa Rica,Colombia,1711,1760,MatchType.WORLD_CUP,61,60,2,6,7,4
Costa Rica,South Korea,1711,1829,MatchType.WORLD_CUP,61,54,2,6,7,11
Zambia,Japan,1632,1969,MatchType.WORLD_CUP,58,14,6,7,3,4
Zambia,England,1632,2243,MatchType.WORLD_CUP,58,1,6,23,3,3
Zambia,Haiti,1632,1695,MatchType.WORLD_CUP,58,63,6,9,3,8
Zambia,Denmark,1632,1900,MatchType.WORLD_CUP,58,17,6,10,3,5
Zambia,China PR,1632,1901,MatchType.WORLD_CUP,58,16,6,19,3,5
Zambia,United States,1632,2392,MatchType.WORLD_CUP,58,10,6,9,3,1
Zambia,Vietnam,1632,1658,MatchType.WORLD_CUP,58,106,6,7,3,9
Zambia,Netherlands,1632,2079,MatchType.WORLD_CUP,58,4,6,9,3,5
Zambia,Portugal,1632,1854,MatchType.WORLD_CUP,58,19,6,17,3,3
Zambia,France,1632,2170,MatchType.WORLD_CUP,58,2,6,20,3,2
Zambia,Jamaica,1632,1746,MatchType.WORLD_CUP,58,29,6,3,3,12
Zambia,Brazil,1632,2006,MatchType.WORLD_CUP,58,13,6,4,3,5
Zambia,Panama,1632,1658,MatchType.WORLD_CUP,58,113,6,4,3,4
Zambia,Sweden,1632,2047,MatchType.WORLD_CUP,58,6,6,13,3,5
Zambia,South Africa,1632,1790,MatchType.WORLD_CUP,58,56,6,8,3,2
Zambia,Italy,1632,1904,MatchType.WORLD_CUP,58,15,6,14,3,5
Zambia,Argentina,1632,1696,MatchType.WORLD_CUP,58,32,6,10,3,2
Zambia,Germany,1632,2148,MatchType.WORLD_CUP,58,11,6,16,3,3
Zambia,Morocco,1632,1560,MatchType.WORLD_CUP,58,103,6,8,3,5
Zambia,Colombia,1632,1760,MatchType.WORLD_CUP,58,60,6,6,3,4
Zambia,South Korea,1632,1829,MatchType.WORLD_CUP,58,54,6,6,3,11
Japan,England,1969,2243,MatchType.WORLD_CUP,14,1,7,23,4,3
Japan,Haiti,1969,1695,MatchType.WORLD_CUP,14,63,7,9,4,8
Japan,Denmark,1969,1900,MatchType.WORLD_CUP,14,17,7,10,4,5
Japan,China PR,1969,1901,MatchType.WORLD_CUP,14,16,7,19,4,5
Japan,United States,1969,2392,MatchType.WORLD_CUP,14,10,7,9,4,1
Japan,Vietnam,1969,1658,MatchType.WORLD_CUP,14,106,7,7,4,9
Japan,Netherlands,1969,2079,MatchType.WORLD_CUP,14,4,7,9,4,5
Japan,Portugal,1969,1854,MatchType.WORLD_CUP,14,19,7,17,4,3
Japan,France,1969,2170,MatchType.WORLD_CUP,14,2,7,20,4,2
Japan,Jamaica,1969,1746,MatchType.WORLD_CUP,14,29,7,3,4,12
Japan,Brazil,1969,2006,MatchType.WORLD_CUP,14,13,7,4,4,5
Japan,Panama,1969,1658,MatchType.WORLD_CUP,14,113,7,4,4,4
Japan,Sweden,1969,2047,MatchType.WORLD_CUP,14,6,7,13,4,5
Japan,South Africa,1969,1790,MatchType.WORLD_CUP,14,56,7,8,4,2
Japan,Italy,1969,1904,MatchType.WORLD_CUP,14,15,7,14,4,5
Japan,Argentina,1969,1696,MatchType.WORLD_CUP,14,32,7,10,4,2
Japan,Germany,1969,2148,MatchType.WORLD_CUP,14,11,7,16,4,3
Japan,Morocco,1969,1560,MatchType.WORLD_CUP,14,103,7,8,4,5
Japan,Colombia,1969,1760,MatchType.WORLD_CUP,14,60,7,6,4,4
Japan,South Korea,1969,1829,MatchType.WORLD_CUP,14,54,7,6,4,11
England,Haiti,2243,1695,MatchType.WORLD_CUP,1,63,23,9,3,8
England,Denmark,2243,1900,MatchType.WORLD_CUP,1,17,23,10,3,5
England,China PR,2243,1901,MatchType.WORLD_CUP,1,16,23,19,3,5
England,United States,2243,2392,MatchType.WORLD_CUP,1,10,23,9,3,1
England,Vietnam,2243,1658,MatchType.WORLD_CUP,1,106,23,7,3,9
England,Netherlands,2243,2079,MatchType.WORLD_CUP,1,4,23,9,3,5
England,Portugal,2243,1854,MatchType.WORLD_CUP,1,19,23,17,3,3
England,France,2243,2170,MatchType.WORLD_CUP,1,2,23,20,3,2
England,Jamaica,2243,1746,MatchType.WORLD_CUP,1,29,23,3,3,12
England,Brazil,2243,2006,MatchType.WORLD_CUP,1,13,23,4,3,5
England,Panama,2243,1658,MatchType.WORLD_CUP,1,113,23,4,3,4
England,Sweden,2243,2047,MatchType.WORLD_CUP,1,6,23,13,3,5
England,South Africa,2243,1790,MatchType.WORLD_CUP,1,56,23,8,3,2
England,Italy,2243,1904,MatchType.WORLD_CUP,1,15,23,14,3,5
England,Argentina,2243,1696,MatchType.WORLD_CUP,1,32,23,10,3,2
England,Germany,2243,2148,MatchType.WORLD_CUP,1,11,23,16,3,3
England,Morocco,2243,1560,MatchType.WORLD_CUP,1,103,23,8,3,5
England,Colombia,2243,1760,MatchType.WORLD_CUP,1,60,23,6,3,4
England,South Korea,2243,1829,MatchType.WORLD_CUP,1,54,23,6,3,11
Haiti,Denmark,1695,1900,MatchType.WORLD_CUP,63,17,9,10,8,5
Haiti,China PR,1695,1901,MatchType.WORLD_CUP,63,16,9,19,8,5
Haiti,United States,1695,2392,MatchType.WORLD_CUP,63,10,9,9,8,1
Haiti,Vietnam,1695,1658,MatchType.WORLD_CUP,63,106,9,7,8,9
Haiti,Netherlands,1695,2079,MatchType.WORLD_CUP,63,4,9,9,8,5
Haiti,Portugal,1695,1854,MatchType.WORLD_CUP,63,19,9,17,8,3
Haiti,France,1695,2170,MatchType.WORLD_CUP,63,2,9,20,8,2
Haiti,Jamaica,1695,1746,MatchType.WORLD_CUP,63,29,9,3,8,12
Haiti,Brazil,1695,2006,MatchType.WORLD_CUP,63,13,9,4,8,5
Haiti,Panama,1695,1658,MatchType.WORLD_CUP,63,113,9,4,8,4
Haiti,Sweden,1695,2047,MatchType.WORLD_CUP,63,6,9,13,8,5
Haiti,South Africa,1695,1790,MatchType.WORLD_CUP,63,56,9,8,8,2
Haiti,Italy,1695,1904,MatchType.WORLD_CUP,63,15,9,14,8,5
Haiti,Argentina,1695,1696,MatchType.WORLD_CUP,63,32,9,10,8,2
Haiti,Germany,1695,2148,MatchType.WORLD_CUP,63,11,9,16,8,3
Haiti,Morocco,1695,1560,MatchType.WORLD_CUP,63,103,9,8,8,5
Haiti,Colombia,1695,1760,MatchType.WORLD_CUP,63,60,9,6,8,4
Haiti,South Korea,1695,1829,MatchType.WORLD_CUP,63,54,9,6,8,11
Denmark,China PR,1900,1901,MatchType.WORLD_CUP,17,16,10,19,5,5
Denmark,United States,1900,2392,MatchType.WORLD_CUP,17,10,10,9,5,1
Denmark,Vietnam,1900,1658,MatchType.WORLD_CUP,17,106,10,7,5,9
Denmark,Netherlands,1900,2079,MatchType.WORLD_CUP,17,4,10,9,5,5
Denmark,Portugal,1900,1854,MatchType.WORLD_CUP,17,19,10,17,5,3
Denmark,France,1900,2170,MatchType.WORLD_CUP,17,2,10,20,5,2
Denmark,Jamaica,1900,1746,MatchType.WORLD_CUP,17,29,10,3,5,12
Denmark,Brazil,1900,2006,MatchType.WORLD_CUP,17,13,10,4,5,5
Denmark,Panama,1900,1658,MatchType.WORLD_CUP,17,113,10,4,5,4
Denmark,Sweden,1900,2047,MatchType.WORLD_CUP,17,6,10,13,5,5
Denmark,South Africa,1900,1790,MatchType.WORLD_CUP,17,56,10,8,5,2
Denmark,Italy,1900,1904,MatchType.WORLD_CUP,17,15,10,14,5,5
Denmark,Argentina,1900,1696,MatchType.WORLD_CUP,17,32,10,10,5,2
Denmark,Germany,1900,2148,MatchType.WORLD_CUP,17,11,10,16,5,3
Denmark,Morocco,1900,1560,MatchType.WORLD_CUP,17,103,10,8,5,5
Denmark,Colombia,1900,1760,MatchType.WORLD_CUP,17,60,10,6,5,4
Denmark,South Korea,1900,1829,MatchType.WORLD_CUP,17,54,10,6,5,11
China PR,United States,1901,2392,MatchType.WORLD_CUP,16,10,19,9,5,1
China PR,Vietnam,1901,1658,MatchType.WORLD_CUP,16,106,19,7,5,9
China PR,Netherlands,1901,2079,MatchType.WORLD_CUP,16,4,19,9,5,5
China PR,Portugal,1901,1854,MatchType.WORLD_CUP,16,19,19,17,5,3
China PR,France,1901,2170,MatchType.WORLD_CUP,16,2,19,20,5,2
China PR,Jamaica,1901,1746,MatchType.WORLD_CUP,16,29,19,3,5,12
China PR,Brazil,1901,2006,MatchType.WORLD_CUP,16,13,19,4,5,5
China PR,Panama,1901,1658,MatchType.WORLD_CUP,16,113,19,4,5,4
China PR,Sweden,1901,2047,MatchType.WORLD_CUP,16,6,19,13,5,5
China PR,South Africa,1901,1790,MatchType.WORLD_CUP,16,56,19,8,5,2
China PR,Italy,1901,1904,MatchType.WORLD_CUP,16,15,19,14,5,5
China PR,Argentina,1901,1696,MatchType.WORLD_CUP,16,32,19,10,5,2
China PR,Germany,1901,2148,MatchType.WORLD_CUP,16,11,19,16,5,3
China PR,Morocco,1901,1560,MatchType.WORLD_CUP,16,103,19,8,5,5
China PR,Colombia,1901,1760,MatchType.WORLD_CUP,16,60,19,6,5,4
China PR,South Korea,1901,1829,MatchType.WORLD_CUP,16,54,19,6,5,11
United States,Vietnam,2392,1658,MatchType.WORLD_CUP,10,106,9,7,1,9
United States,Netherlands,2392,2079,MatchType.WORLD_CUP,10,4,9,9,1,5
United States,Portugal,2392,1854,MatchType.WORLD_CUP,10,19,9,17,1,3
United States,France,2392,2170,MatchType.WORLD_CUP,10,2,9,20,1,2
United States,Jamaica,2392,1746,MatchType.WORLD_CUP,10,29,9,3,1,12
United States,Brazil,2392,2006,MatchType.WORLD_CUP,10,13,9,4,1,5
United States,Panama,2392,1658,MatchType.WORLD_CUP,10,113,9,4,1,4
United States,Sweden,2392,2047,MatchType.WORLD_CUP,10,6,9,13,1,5
United States,South Africa,2392,1790,MatchType.WORLD_CUP,10,56,9,8,1,2
United States,Italy,2392,1904,MatchType.WORLD_CUP,10,15,9,14,1,5
United States,Argentina,2392,1696,MatchType.WORLD_CUP,10,32,9,10,1,2
United States,Germany,2392,2148,MatchType.WORLD_CUP,10,11,9,16,1,3
United States,Morocco,2392,1560,MatchType.WORLD_CUP,10,103,9,8,1,5
United States,Colombia,2392,1760,MatchType.WORLD_CUP,10,60,9,6,1,4
United States,South Korea,2392,1829,MatchType.WORLD_CUP,10,54,9,6,1,11
Vietnam,Netherlands,1658,2079,MatchType.WORLD_CUP,106,4,7,9,9,5
Vietnam,Portugal,1658,1854,MatchType.WORLD_CUP,106,19,7,17,9,3
Vietnam,France,1658,2170,MatchType.WORLD_CUP,106,2,7,20,9,2
Vietnam,Jamaica,1658,1746,MatchType.WORLD_CUP,106,29,7,3,9,12
Vietnam,Brazil,1658,2006,MatchType.WORLD_CUP,106,13,7,4,9,5
Vietnam,Panama,1658,1658,MatchType.WORLD_CUP,106,113,7,4,9,4
Vietnam,Sweden,1658,2047,MatchType.WORLD_CUP,106,6,7,13,9,5
Vietnam,South Africa,1658,1790,MatchType.WORLD_CUP,106,56,7,8,9,2
Vietnam,Italy,1658,1904,MatchType.WORLD_CUP,106,15,7,14,9,5
Vietnam,Argentina,1658,1696,MatchType.WORLD_CUP,106,32,7,10,9,2
Vietnam,Germany,1658,2148,MatchType.WORLD_CUP,106,11,7,16,9,3
Vietnam,Morocco,1658,1560,MatchType.WORLD_CUP,106,103,7,8,9,5
Vietnam,Colombia,1658,1760,MatchType.WORLD_CUP,106,60,7,6,9,4
Vietnam,South Korea,1658,1829,MatchType.WORLD_CUP,106,54,7,6,9,11
Netherlands,Portugal,2079,1854,MatchType.WORLD_CUP,4,19,9,17,5,3
Netherlands,France,2079,2170,MatchType.WORLD_CUP,4,2,9,20,5,2
Netherlands,Jamaica,2079,1746,MatchType.WORLD_CUP,4,29,9,3,5,12
Netherlands,Brazil,2079,2006,MatchType.WORLD_CUP,4,13,9,4,5,5
Netherlands,Panama,2079,1658,MatchType.WORLD_CUP,4,113,9,4,5,4
Netherlands,Sweden,2079,2047,MatchType.WORLD_CUP,4,6,9,13,5,5
Netherlands,South Africa,2079,1790,MatchType.WORLD_CUP,4,56,9,8,5,2
Netherlands,Italy,2079,1904,MatchType.WORLD_CUP,4,15,9,14,5,5
Netherlands,Argentina,2079,1696,MatchType.WORLD_CUP,4,32,9,10,5,2
Netherlands,Germany,2079,2148,MatchType.WORLD_CUP,4,11,9,16,5,3
Netherlands,Morocco,2079,1560,MatchType.WORLD_CUP,4,103,9,8,5,5
Netherlands,Colombia,2079,1760,MatchType.WORLD_CUP,4,60,9,6,5,4
Netherlands,South Korea,2079,1829,MatchType.WORLD_CUP,4,54,9,6,5,11
Portugal,France,1854,2170,MatchType.WORLD_CUP,19,2,17,20,3,2
Portugal,Jamaica,1854,1746,MatchType.WORLD_CUP,19,29,17,3,3,12
Portugal,Brazil,1854,2006,MatchType.WORLD_CUP,19,13,17,4,3,5
Portugal,Panama,1854,1658,MatchType.WORLD_CUP,19,113,17,4,3,4
Portugal,Sweden,1854,2047,MatchType.WORLD_CUP,19,6,17,13,3,5
Portugal,South Africa,1854,1790,MatchType.WORLD_CUP,19,56,17,8,3,2
Portugal,Italy,1854,1904,MatchType.WORLD_CUP,19,15,17,14,3,5
Portugal,Argentina,1854,1696,MatchType.WORLD_CUP,19,32,17,10,3,2
Portugal,Germany,1854,2148,MatchType.WORLD_CUP,19,11,17,16,3,3
Portugal,Morocco,1854,1560,MatchType.WORLD_CUP,19,103,17,8,3,5
Portugal,Colombia,1854,1760,MatchType.WORLD_CUP,19,60,17,6,3,4
Portugal,South Korea,1854,1829,MatchType.WORLD_CUP,19,54,17,6,3,11
France,Jamaica,2170,1746,MatchType.WORLD_CUP,2,29,20,3,2,12
France,Brazil,2170,2006,MatchType.WORLD_CUP,2,13,20,4,2,5
France,Panama,2170,1658,MatchType.WORLD_CUP,2,113,20,4,2,4
France,Sweden,2170,2047,MatchType.WORLD_CUP,2,6,20,13,2,5
France,South Africa,2170,1790,MatchType.WORLD_CUP,2,56,20,8,2,2
France,Italy,2170,1904,MatchType.WORLD_CUP,2,15,20,14,2,5
France,Argentina,2170,1696,MatchType.WORLD_CUP,2,32,20,10,2,2
France,Germany,2170,2148,MatchType.WORLD_CUP,2,11,20,16,2,3
France,Morocco,2170,1560,MatchType.WORLD_CUP,2,103,20,8,2,5
France,Colombia,2170,1760,MatchType.WORLD_CUP,2,60,20,6,2,4
France,South Korea,2170,1829,MatchType.WORLD_CUP,2,54,20,6,2,11
Jamaica,Brazil,1746,2006,MatchType.WORLD_CUP,29,13,3,4,12,5
Jamaica,Panama,1746,1658,MatchType.WORLD_CUP,29,113,3,4,12,4
Jamaica,Sweden,1746,2047,MatchType.WORLD_CUP,29,6,3,13,12,5
Jamaica,South Africa,1746,1790,MatchType.WORLD_CUP,29,56,3,8,12,2
Jamaica,Italy,1746,1904,MatchType.WORLD_CUP,29,15,3,14,12,5
Jamaica,Argentina,1746,1696,MatchType.WORLD_CUP,29,32,3,10,12,2
Jamaica,Germany,1746,2148,MatchType.WORLD_CUP,29,11,3,16,12,3
Jamaica,Morocco,1746,1560,MatchType.WORLD_CUP,29,103,3,8,12,5
Jamaica,Colombia,1746,1760,MatchType.WORLD_CUP,29,60,3,6,12,4
Jamaica,South Korea,1746,1829,MatchType.WORLD_CUP,29,54,3,6,12,11
Brazil,Panama,2006,1658,MatchType.WORLD_CUP,13,113,4,4,5,4
Brazil,Sweden,2006,2047,MatchType.WORLD_CUP,13,6,4,13,5,5
Brazil,South Africa,2006,1790,MatchType.WORLD_CUP,13,56,4,8,5,2
Brazil,Italy,2006,1904,MatchType.WORLD_CUP,13,15,4,14,5,5
Brazil,Argentina,2006,1696,MatchType.WORLD_CUP,13,32,4,10,5,2
Brazil,Germany,2006,2148,MatchType.WORLD_CUP,13,11,4,16,5,3
Brazil,Morocco,2006,1560,MatchType.WORLD_CUP,13,103,4,8,5,5
Brazil,Colombia,2006,1760,MatchType.WORLD_CUP,13,60,4,6,5,4
Brazil,South Korea,2006,1829,MatchType.WORLD_CUP,13,54,4,6,5,11
Panama,Sweden,1658,2047,MatchType.WORLD_CUP,113,6,4,13,4,5
Panama,South Africa,1658,1790,MatchType.WORLD_CUP,113,56,4,8,4,2
Panama,Italy,1658,1904,MatchType.WORLD_CUP,113,15,4,14,4,5
Panama,Argentina,1658,1696,MatchType.WORLD_CUP,113,32,4,10,4,2
Panama,Germany,1658,2148,MatchType.WORLD_CUP,113,11,4,16,4,3
Panama,Morocco,1658,1560,MatchType.WORLD_CUP,113,103,4,8,4,5
Panama,Colombia,1658,1760,MatchType.WORLD_CUP,113,60,4,6,4,4
Panama,South Korea,1658,1829,MatchType.WORLD_CUP,113,54,4,6,4,11
Sweden,South Africa,2047,1790,MatchType.WORLD_CUP,6,56,13,8,5,2
Sweden,Italy,2047,1904,MatchType.WORLD_CUP,6,15,13,14,5,5
Sweden,Argentina,2047,1696,MatchType.WORLD_CUP,6,32,13,10,5,2
Sweden,Germany,2047,2148,MatchType.WORLD_CUP,6,11,13,16,5,3
Sweden,Morocco,2047,1560,MatchType.WORLD_CUP,6,103,13,8,5,5
Sweden,Colombia,2047,1760,MatchType.WORLD_CUP,6,60,13,6,5,4
Sweden,South Korea,2047,1829,MatchType.WORLD_CUP,6,54,13,6,5,11
South Africa,Italy,1790,1904,MatchType.WORLD_CUP,56,15,8,14,2,5
South Africa,Argentina,1790,1696,MatchType.WORLD_CUP,56,32,8,10,2,2
South Africa,Germany,1790,2148,MatchType.WORLD_CUP,56,11,8,16,2,3
South Africa,Morocco,1790,1560,MatchType.WORLD_CUP,56,103,8,8,2,5
South Africa,Colombia,1790,1760,MatchType.WORLD_CUP,56,60,8,6,2,4
South Africa,South Korea,1790,1829,MatchType.WORLD_CUP,56,54,8,6,2,11
Italy,Argentina,1904,1696,MatchType.WORLD_CUP,15,32,14,10,5,2
Italy,Germany,1904,2148,MatchType.WORLD_CUP,15,11,14,16,5,3
Italy,Morocco,1904,1560,MatchType.WORLD_CUP,15,103,14,8,5,5
Italy,Colombia,1904,1760,MatchType.WORLD_CUP,15,60,14,6,5,4
Italy,South Korea,1904,1829,MatchType.WORLD_CUP,15,54,14,6,5,11
Argentina,Germany,1696,2148,MatchType.WORLD_CUP,32,11,10,16,2,3
Argentina,Morocco,1696,1560,MatchType.WORLD_CUP,32,103,10,8,2,5
Argentina,Colombia,1696,1760,MatchType.WORLD_CUP,32,60,10,6,2,4
Argentina,South Korea,1696,1829,MatchType.WORLD_CUP,32,54,10,6,2,11
Germany,Morocco,2148,1560,MatchType.WORLD_CUP,11,103,16,8,3,5
Germany,Colombia,2148,1760,MatchType.WORLD_CUP,11,60,16,6,3,4
Germany,South Korea,2148,1829,MatchType.WORLD_CUP,11,54,16,6,3,11
Morocco,Colombia,1560,1760,MatchType.WORLD_CUP,103,60,8,6,5,4
Morocco,South Korea,1560,1829,MatchType.WORLD_CUP,103,54,8,6,5,11
Colombia,South Korea,1760,1829,MatchType.WORLD_CUP,60,54,6,6,4,11
